Products_name, pricing, rating
Apple iPhone 8 (PRODUCT)RED (Red| 64 GB), Rs. 63000, 4.7
Apple iPhone 6s (Rose Gold| 32 GB), Rs. 29599, 4.5
Apple iPhone 6 (Gold| 32 GB), Rs. 22999, 4.4
Apple iPhone 7 (Silver| 32 GB), Rs. 38999, 4.5
Apple iPhone 6s (Space Grey| 32 GB), Rs. 29599, 4.5
Apple iPhone 7 (Rose Gold| 32 GB), Rs. 38999, 4.5
Apple iPhone 7 (Gold| 32 GB), Rs. 38999, 4.5
Apple iPhone 6s (Silver| 32 GB), Rs. 28999, 4.4
Apple iPhone 8 (Space Grey| 64 GB), Rs. 57990, 4.5
Apple iPhone XR (Black| 64 GB), Rs. 69999, 4.6
Apple iPhone XR (White| 64 GB), Rs. 69999, 4.6
Apple iPhone 7 Plus (Rose Gold| 128 GB), Rs. 59990, 4.6
Mu M200, Rs. 869, 4.1
Apple iPhone 6s Plus (Gold| 32 GB), Rs. 33999, 4.4
Apple iPhone 6s Plus (Silver| 16 GB), Rs. 42980, 4.3
Apple iPhone 6s (Rose Gold| 16 GB), Rs. 31999, 4.4
Apple iPhone 7 Plus (Gold| 128 GB), Rs. 59490, 4.5
Apple iPhone XR ((PRODUCT)RED| 128 GB), Rs. 75490, 4.6
Apple iPhone 8 Plus (Gold| 256 GB), Rs. 79999, 4.6
Apple iPhone 7 Plus (Red| 128 GB), Rs. 62900, 4.6
Apple iPhone 6s Plus (Space Grey| 16 GB), Rs. 42900, 4.4
Apple iPhone XR (Black| 128 GB), Rs. 75490, 4.6
Apple iPhone XR (Coral| 128 GB), Rs. 74599, 4.6
Apple iPhone 8 (Gold| 64 GB), Rs. 57990, 4.5
